ID,Locus.ID,Locus,TimePoint,Method,Location,AsexualCycle,Percent.NHP1337
PCR_1,a.Mt247.PCR,Mt247_G_NHP1337,Oocyst.D4,PCR,MT,-4,0.765424161
PCR_2,a.Mt247.PCR,Mt247_G_NHP1337,Oocyst.D4,PCR,MT,-4,0.682604374
PCR_3,a.Mt247.PCR,Mt247_G_NHP1337,Oocyst.D10,PCR,MT,-3,0.926299475
PCR_4,a.Mt247.PCR,Mt247_G_NHP1337,Oocyst.D10,PCR,MT,-3,0.789109868
PCR_5,a.Mt247.PCR,Mt247_G_NHP1337,Spz,PCR,MT,-2,0.859887861
PCR_6,a.Mt247.PCR,Mt247_G_NHP1337,Spz,PCR,MT,-2,0.857762048
PCR_7,a.Mt247.PCR,Mt247_G_NHP1337,In.vivo,PCR,MT,0,0.867016339
PCR_8,a.Mt247.PCR,Mt247_G_NHP1337,In.vivo,PCR,MT,0,0.867407871
PCR_9,a.Mt247.PCR,Mt247_G_NHP1337,D2,PCR,MT,1,0.824959168
PCR_10,a.Mt247.PCR,Mt247_G_NHP1337,D4,PCR,MT,2,0.898241077
PCR_11,a.Mt247.PCR,Mt247_G_NHP1337,D6,PCR,MT,3,0.897775325
PCR_12,a.Mt247.PCR,Mt247_G_NHP1337,D9,PCR,MT,4.5,0.894855049
PCR_13,a.Mt247.PCR,Mt247_G_NHP1337,D11,PCR,MT,5.5,0.830707873
PCR_14,a.Mt247.PCR,Mt247_G_NHP1337,D15,PCR,MT,7.5,0.730327536
PCR_15,a.Mt247.PCR,Mt247_G_NHP1337,D19,PCR,MT,9.5,0.634737765
PCR_16,a.Mt247.PCR,Mt247_G_NHP1337,D21,PCR,MT,10.5,0.603590771
PCR_17,b.Mt1776.PCR,Mt1776_T_NHP1337,Oocyst.D4,PCR,MT,-4,0.755265401
PCR_18,b.Mt1776.PCR,Mt1776_T_NHP1337,Oocyst.D4,PCR,MT,-4,0.665359857
PCR_19,b.Mt1776.PCR,Mt1776_T_NHP1337,Oocyst.D10,PCR,MT,-3,0.917524352
PCR_20,b.Mt1776.PCR,Mt1776_T_NHP1337,Oocyst.D10,PCR,MT,-3,0.754267474
PCR_21,b.Mt1776.PCR,Mt1776_T_NHP1337,Spz,PCR,MT,-2,0.83466377
PCR_22,b.Mt1776.PCR,Mt1776_T_NHP1337,Spz,PCR,MT,-2,0.837892585
PCR_23,b.Mt1776.PCR,Mt1776_T_NHP1337,In.vivo,PCR,MT,0,0.848417982
PCR_24,b.Mt1776.PCR,Mt1776_T_NHP1337,In.vivo,PCR,MT,0,0.8531949
PCR_25,b.Mt1776.PCR,Mt1776_T_NHP1337,D2,PCR,MT,1,0.833975199
PCR_26,b.Mt1776.PCR,Mt1776_T_NHP1337,D4,PCR,MT,2,0.86013685
PCR_27,b.Mt1776.PCR,Mt1776_T_NHP1337,D6,PCR,MT,3,0.877703648
PCR_28,b.Mt1776.PCR,Mt1776_T_NHP1337,D9,PCR,MT,4.5,0.870282321
PCR_29,b.Mt1776.PCR,Mt1776_T_NHP1337,D11,PCR,MT,5.5,0.832151146
PCR_30,b.Mt1776.PCR,Mt1776_T_NHP1337,D15,PCR,MT,7.5,0.704099145
PCR_31,b.Mt1776.PCR,Mt1776_T_NHP1337,D19,PCR,MT,9.5,0.587060092
PCR_32,b.Mt1776.PCR,Mt1776_T_NHP1337,D21,PCR,MT,10.5,0.58564552
NGS_1,c.Mt247.NGS,Mt247_G_NHP1337,Oocyst.D10,NGS,MT,-3,0.761904762
NGS_2,c.Mt247.NGS,Mt247_G_NHP1337,Spz,NGS,MT,-2,0.954545455
NGS_3,c.Mt247.NGS,Mt247_G_NHP1337,Liver,NGS,MT,-1,0.720930233
NGS_4,c.Mt247.NGS,Mt247_G_NHP1337,In.vivo,NGS,MT,0,0.830538394
NGS_5,c.Mt247.NGS,Mt247_G_NHP1337,D2,NGS,MT,1,0.824657534
NGS_6,c.Mt247.NGS,Mt247_G_NHP1337,D4,NGS,MT,2,0.825382538
NGS_7,c.Mt247.NGS,Mt247_G_NHP1337,D4,NGS,MT,2,0.845081967
NGS_8,c.Mt247.NGS,Mt247_G_NHP1337,D6,NGS,MT,3,0.867724868
NGS_9,c.Mt247.NGS,Mt247_G_NHP1337,D6,NGS,MT,3,0.867563739
NGS_10,c.Mt247.NGS,Mt247_G_NHP1337,D9,NGS,MT,4.5,0.869784173
NGS_11,c.Mt247.NGS,Mt247_G_NHP1337,D9,NGS,MT,4.5,0.862429606
NGS_12,c.Mt247.NGS,Mt247_G_NHP1337,D11,NGS,MT,5.5,0.808708066
NGS_13,c.Mt247.NGS,Mt247_G_NHP1337,D11,NGS,MT,5.5,0.797025372
NGS_14,c.Mt247.NGS,Mt247_G_NHP1337,D15,NGS,MT,7.5,0.671418389
NGS_15,c.Mt247.NGS,Mt247_G_NHP1337,D15,NGS,MT,7.5,0.669965577
NGS_16,c.Mt247.NGS,Mt247_G_NHP1337,D19,NGS,MT,9.5,0.576077397
NGS_17,c.Mt247.NGS,Mt247_G_NHP1337,D19,NGS,MT,9.5,0.608359133
NGS_18,c.Mt247.NGS,Mt247_G_NHP1337,D21,NGS,MT,10.5,0.551307847
NGS_19,c.Mt247.NGS,Mt247_G_NHP1337,D21,NGS,MT,10.5,0.605660377
NGS_20,c.Mt247.NGS,Mt247_G_NHP1337,D23,NGS,MT,11.5,0.565597668
NGS_21,c.Mt247.NGS,Mt247_G_NHP1337,D23,NGS,MT,11.5,0.541129832
NGS_22,c.Mt247.NGS,Mt247_G_NHP1337,D25,NGS,MT,12.5,0.525987526
NGS_23,c.Mt247.NGS,Mt247_G_NHP1337,D25,NGS,MT,12.5,0.522573949
NGS_24,c.Mt247.NGS,Mt247_G_NHP1337,D27,NGS,MT,13.5,0.520604396
NGS_25,c.Mt247.NGS,Mt247_G_NHP1337,D27,NGS,MT,13.5,0.525915688
NGS_26,c.Mt247.NGS,Mt247_G_NHP1337,D29,NGS,MT,14.5,0.516262976
NGS_27,c.Mt247.NGS,Mt247_G_NHP1337,D29,NGS,MT,14.5,0.4996573
NGS_28,c.Mt247.NGS,Mt247_G_NHP1337,D29,NGS,MT,14.5,0.439344262
NGS_29,d.Mt772.NGS,Mt772_T_NHP1337,Oocyst.D10,NGS,MT,-3,0.933333333
NGS_30,d.Mt772.NGS,Mt772_T_NHP1337,Spz,NGS,MT,-2,0.789473684
NGS_31,d.Mt772.NGS,Mt772_T_NHP1337,Liver,NGS,MT,-1,0.951612903
NGS_32,d.Mt772.NGS,Mt772_T_NHP1337,In.vivo,NGS,MT,0,0.865640308
NGS_33,d.Mt772.NGS,Mt772_T_NHP1337,D2,NGS,MT,1,0.880619013
NGS_34,d.Mt772.NGS,Mt772_T_NHP1337,D4,NGS,MT,2,0.88466948
NGS_35,d.Mt772.NGS,Mt772_T_NHP1337,D4,NGS,MT,2,0.873035827
NGS_36,d.Mt772.NGS,Mt772_T_NHP1337,D6,NGS,MT,3,0.888212507
NGS_37,d.Mt772.NGS,Mt772_T_NHP1337,D6,NGS,MT,3,0.886038186
NGS_38,d.Mt772.NGS,Mt772_T_NHP1337,D9,NGS,MT,4.5,0.8902133
NGS_39,d.Mt772.NGS,Mt772_T_NHP1337,D9,NGS,MT,4.5,0.880851064
NGS_40,d.Mt772.NGS,Mt772_T_NHP1337,D11,NGS,MT,5.5,0.827256426
NGS_41,d.Mt772.NGS,Mt772_T_NHP1337,D11,NGS,MT,5.5,0.825667656
NGS_42,d.Mt772.NGS,Mt772_T_NHP1337,D15,NGS,MT,7.5,0.720410628
NGS_43,d.Mt772.NGS,Mt772_T_NHP1337,D15,NGS,MT,7.5,0.701708767
NGS_44,d.Mt772.NGS,Mt772_T_NHP1337,D19,NGS,MT,9.5,0.647577093
NGS_45,d.Mt772.NGS,Mt772_T_NHP1337,D19,NGS,MT,9.5,0.627646326
NGS_46,d.Mt772.NGS,Mt772_T_NHP1337,D21,NGS,MT,10.5,0.577996716
NGS_47,d.Mt772.NGS,Mt772_T_NHP1337,D21,NGS,MT,10.5,0.603473227
NGS_48,d.Mt772.NGS,Mt772_T_NHP1337,D23,NGS,MT,11.5,0.563873068
NGS_49,d.Mt772.NGS,Mt772_T_NHP1337,D23,NGS,MT,11.5,0.608163265
NGS_50,d.Mt772.NGS,Mt772_T_NHP1337,D25,NGS,MT,12.5,0.569246436
NGS_51,d.Mt772.NGS,Mt772_T_NHP1337,D25,NGS,MT,12.5,0.54984354
NGS_52,d.Mt772.NGS,Mt772_T_NHP1337,D27,NGS,MT,13.5,0.53599516
NGS_53,d.Mt772.NGS,Mt772_T_NHP1337,D27,NGS,MT,13.5,0.550709406
NGS_54,d.Mt772.NGS,Mt772_T_NHP1337,D29,NGS,MT,14.5,0.541795666
NGS_55,d.Mt772.NGS,Mt772_T_NHP1337,D29,NGS,MT,14.5,0.542719615
NGS_56,d.Mt772.NGS,Mt772_T_NHP1337,D29,NGS,MT,14.5,0.541871921
NGS_57,e.Mt1572.NGS,Mt1572_T_NHP1337,Oocyst.D10,NGS,MT,-3,0.875
NGS_58,e.Mt1572.NGS,Mt1572_T_NHP1337,Spz,NGS,MT,-2,0.956521739
NGS_59,e.Mt1572.NGS,Mt1572_T_NHP1337,Liver,NGS,MT,-1,0.925
NGS_60,e.Mt1572.NGS,Mt1572_T_NHP1337,In.vivo,NGS,MT,0,0.859956236
NGS_61,e.Mt1572.NGS,Mt1572_T_NHP1337,D2,NGS,MT,1,0.855527638
NGS_62,e.Mt1572.NGS,Mt1572_T_NHP1337,D4,NGS,MT,2,0.894578313
NGS_63,e.Mt1572.NGS,Mt1572_T_NHP1337,D4,NGS,MT,2,0.851632047
NGS_64,e.Mt1572.NGS,Mt1572_T_NHP1337,D6,NGS,MT,3,0.882874889
NGS_65,e.Mt1572.NGS,Mt1572_T_NHP1337,D6,NGS,MT,3,0.86756238
NGS_66,e.Mt1572.NGS,Mt1572_T_NHP1337,D9,NGS,MT,4.5,0.889388489
NGS_67,e.Mt1572.NGS,Mt1572_T_NHP1337,D9,NGS,MT,4.5,0.858131488
NGS_68,e.Mt1572.NGS,Mt1572_T_NHP1337,D11,NGS,MT,5.5,0.863757792
NGS_69,e.Mt1572.NGS,Mt1572_T_NHP1337,D11,NGS,MT,5.5,0.777777778
NGS_70,e.Mt1572.NGS,Mt1572_T_NHP1337,D15,NGS,MT,7.5,0.682859762
NGS_71,e.Mt1572.NGS,Mt1572_T_NHP1337,D15,NGS,MT,7.5,0.693710994
NGS_72,e.Mt1572.NGS,Mt1572_T_NHP1337,D19,NGS,MT,9.5,0.64159292
NGS_73,e.Mt1572.NGS,Mt1572_T_NHP1337,D19,NGS,MT,9.5,0.65377176
NGS_74,e.Mt1572.NGS,Mt1572_T_NHP1337,D21,NGS,MT,10.5,0.578125
NGS_75,e.Mt1572.NGS,Mt1572_T_NHP1337,D21,NGS,MT,10.5,0.546218487
NGS_76,e.Mt1572.NGS,Mt1572_T_NHP1337,D23,NGS,MT,11.5,0.542657343
NGS_77,e.Mt1572.NGS,Mt1572_T_NHP1337,D23,NGS,MT,11.5,0.621281465
NGS_78,e.Mt1572.NGS,Mt1572_T_NHP1337,D25,NGS,MT,12.5,0.557333333
NGS_79,e.Mt1572.NGS,Mt1572_T_NHP1337,D25,NGS,MT,12.5,0.536281963
NGS_80,e.Mt1572.NGS,Mt1572_T_NHP1337,D27,NGS,MT,13.5,0.559454191
NGS_81,e.Mt1572.NGS,Mt1572_T_NHP1337,D27,NGS,MT,13.5,0.552422907
NGS_82,e.Mt1572.NGS,Mt1572_T_NHP1337,D29,NGS,MT,14.5,0.510166359
NGS_83,e.Mt1572.NGS,Mt1572_T_NHP1337,D29,NGS,MT,14.5,0.518641259
NGS_84,e.Mt1572.NGS,Mt1572_T_NHP1337,D29,NGS,MT,14.5,0.522321429
NGS_85,f.Mt1776.NGS,Mt1776_T_NHP1337,Oocyst.D10,NGS,MT,-3,0.836065574
NGS_86,f.Mt1776.NGS,Mt1776_T_NHP1337,Spz,NGS,MT,-2,0.84375
NGS_87,f.Mt1776.NGS,Mt1776_T_NHP1337,Liver,NGS,MT,-1,0.958333333
NGS_88,f.Mt1776.NGS,Mt1776_T_NHP1337,In.vivo,NGS,MT,0,0.861594867
NGS_89,f.Mt1776.NGS,Mt1776_T_NHP1337,D2,NGS,MT,1,0.847321429
NGS_90,f.Mt1776.NGS,Mt1776_T_NHP1337,D4,NGS,MT,2,0.8736
NGS_91,f.Mt1776.NGS,Mt1776_T_NHP1337,D4,NGS,MT,2,0.862698413
NGS_92,f.Mt1776.NGS,Mt1776_T_NHP1337,D6,NGS,MT,3,0.895556838
NGS_93,f.Mt1776.NGS,Mt1776_T_NHP1337,D6,NGS,MT,3,0.892857143
NGS_94,f.Mt1776.NGS,Mt1776_T_NHP1337,D9,NGS,MT,4.5,0.895896657
NGS_95,f.Mt1776.NGS,Mt1776_T_NHP1337,D9,NGS,MT,4.5,0.874418605
NGS_96,f.Mt1776.NGS,Mt1776_T_NHP1337,D11,NGS,MT,5.5,0.827323162
NGS_97,f.Mt1776.NGS,Mt1776_T_NHP1337,D11,NGS,MT,5.5,0.846994536
NGS_98,f.Mt1776.NGS,Mt1776_T_NHP1337,D15,NGS,MT,7.5,0.734375
NGS_99,f.Mt1776.NGS,Mt1776_T_NHP1337,D15,NGS,MT,7.5,0.717783505
NGS_100,f.Mt1776.NGS,Mt1776_T_NHP1337,D19,NGS,MT,9.5,0.634166667
NGS_101,f.Mt1776.NGS,Mt1776_T_NHP1337,D19,NGS,MT,9.5,0.636363636
NGS_102,f.Mt1776.NGS,Mt1776_T_NHP1337,D21,NGS,MT,10.5,0.663003663
NGS_103,f.Mt1776.NGS,Mt1776_T_NHP1337,D21,NGS,MT,10.5,0.597678917
NGS_104,f.Mt1776.NGS,Mt1776_T_NHP1337,D23,NGS,MT,11.5,0.593528817
NGS_105,f.Mt1776.NGS,Mt1776_T_NHP1337,D23,NGS,MT,11.5,0.604003481
NGS_106,f.Mt1776.NGS,Mt1776_T_NHP1337,D25,NGS,MT,12.5,0.581926514
NGS_107,f.Mt1776.NGS,Mt1776_T_NHP1337,D25,NGS,MT,12.5,0.550080343
NGS_108,f.Mt1776.NGS,Mt1776_T_NHP1337,D27,NGS,MT,13.5,0.585053381
NGS_109,f.Mt1776.NGS,Mt1776_T_NHP1337,D27,NGS,MT,13.5,0.568521031
NGS_110,f.Mt1776.NGS,Mt1776_T_NHP1337,D29,NGS,MT,14.5,0.534952171
NGS_111,f.Mt1776.NGS,Mt1776_T_NHP1337,D29,NGS,MT,14.5,0.495708155
NGS_112,f.Mt1776.NGS,Mt1776_T_NHP1337,D29,NGS,MT,14.5,0.524691358
Core_1,Core,Core_NHP1337,OocystD10,WGS.mediam,CoreGenome,-3,0.8135593
Core_2,Core,Core_NHP1337,SGSpz,WGS.mediam,CoreGenome,-2,0.8
Core_3,Core,Core_NHP1337,Liver,WGS.mediam,CoreGenome,-1,0.9021277
Core_4,Core,Core_NHP1337,BSA_020,WGS.mediam,CoreGenome,0,0.8484848
Core_5,Core,Core_NHP1337,BSA_021,WGS.mediam,CoreGenome,1,0.8366337
Core_6,Core,Core_NHP1337,BSA_022,WGS.mediam,CoreGenome,2,0.8577919
Core_7,Core,Core_NHP1337,BSA_023,WGS.mediam,CoreGenome,2,0.8598726
Core_8,Core,Core_NHP1337,BSA_024,WGS.mediam,CoreGenome,3,0.8717201
Core_9,Core,Core_NHP1337,BSA_025,WGS.mediam,CoreGenome,3,0.8724447
Core_10,Core,Core_NHP1337,BSA_026,WGS.mediam,CoreGenome,4.5,0.8645833
Core_11,Core,Core_NHP1337,BSA_027,WGS.mediam,CoreGenome,4.5,0.8666667
Core_12,Core,Core_NHP1337,BSA_028,WGS.mediam,CoreGenome,5.5,0.8142857
Core_13,Core,Core_NHP1337,BSA_029,WGS.mediam,CoreGenome,5.5,0.8113208
Core_14,Core,Core_NHP1337,BSA_030,WGS.mediam,CoreGenome,7.5,0.6590909
Core_15,Core,Core_NHP1337,BSA_031,WGS.mediam,CoreGenome,7.5,0.6521739
Core_16,Core,Core_NHP1337,BSA_032,WGS.mediam,CoreGenome,9.5,0.5483871
Core_17,Core,Core_NHP1337,BSA_033,WGS.mediam,CoreGenome,9.5,0.5394737
Core_18,Core,Core_NHP1337,BSA_034,WGS.mediam,CoreGenome,10.5,0.5454545
Core_19,Core,Core_NHP1337,BSA_035,WGS.mediam,CoreGenome,10.5,0.537037
Core_20,Core,Core_NHP1337,BSA_036,WGS.mediam,CoreGenome,11.5,0.5132743
Core_21,Core,Core_NHP1337,BSA_037,WGS.mediam,CoreGenome,11.5,0.5147059
Core_22,Core,Core_NHP1337,BSA_038,WGS.mediam,CoreGenome,12.5,0.4761905
Core_23,Core,Core_NHP1337,BSA_039,WGS.mediam,CoreGenome,12.5,0.4812834
Core_24,Core,Core_NHP1337,BSA_040,WGS.mediam,CoreGenome,13.5,0.4758065
Core_25,Core,Core_NHP1337,BSA_041,WGS.mediam,CoreGenome,13.5,0.4680851
Core_26,Core,Core_NHP1337,BSA_042,WGS.mediam,CoreGenome,14.5,0.4742268
Core_27,Core,Core_NHP1337,BSA_043,WGS.mediam,CoreGenome,14.5,0.4767442
Core_28,Core,Core_NHP1337,BSA_044,WGS.mediam,CoreGenome,14.5,0.4769936
SangerMT.1,SangerMT.1,SangerMT.1,SangerMT.1,SangerMT.1,SangerMT,-3,0.95
SangerMT.2,SangerMT.2,SangerMT.2,SangerMT.2,SangerMT.2,SangerMT,-2,0.95
SangerMT.3,SangerMT.3,SangerMT.3,SangerMT.3,SangerMT.3,SangerMT,3,0.95
SangerMT.4,SangerMT.4,SangerMT.4,SangerMT.4,SangerMT.4,SangerMT,14.5,0.6
SangerAPI.1,SangerAPI.1,SangerAPI.1,SangerAPI.1,SangerAPI.1,SangerAPI,-3,1
SangerAPI.2,SangerAPI.2,SangerAPI.2,SangerAPI.2,SangerAPI.2,SangerAPI,-2,0.9
SangerAPI.3,SangerAPI.3,SangerAPI.3,SangerAPI.3,SangerAPI.3,SangerAPI,3,0.95
SangerAPI.4,SangerAPI.4,SangerAPI.4,SangerAPI.4,SangerAPI.4,SangerAPI,14.5,0.65
SangerK13.1,SangerK13.1,SangerK13.1,SangerK13.1,SangerK13.1,SangerK13,-3,1
SangerK13.2,SangerK13.2,SangerK13.2,SangerK13.2,SangerK13.2,SangerK13,-2,0.95
SangerK13.3,SangerK13.3,SangerK13.3,SangerK13.3,SangerK13.3,SangerK13,3,1
SangerK13.4,SangerK13.4,SangerK13.4,SangerK13.4,SangerK13.4,SangerK13,14.5,0.45
